Archivo,Integrado_OD,Dosis_1,Dosis_2,Dosis_valida
OD_Radio1_spectra.txt,1.7122663149999957,3.7959432517641307,-48.79594325176413,3.7959432517641307
OD_Radio2_spectra.txt,3.2605066249999926,6.591247180208678,-51.591247180208676,6.591247180208678
OD_Radio3_spectra.txt,5.894867884999988,10.812712115647363,-55.812712115647365,10.812712115647363
OD_Radio4_spectra.txt,8.172052439999984,14.071235199265534,-59.07123519926554,14.071235199265534
OD_Radio5_spectra.txt,9.90633364499998,16.370083155300787,-61.37008315530079,16.370083155300787
