{
  "slope": 1.4612276443126686,
  "intercept": -0.13855484997377943,
  "slope_err": 0.01098791310555749,
  "intercept_err": 0.11140103889128337,
  "r2": 0.9992654541680305,
  "x_min": 649.0,
  "x_max": 705.0
}